{"mean":{"confidence_interval":{"confidence_level":0.95,"lower_bound":3034.042336754237,"upper_bound":3078.1303309416126},"point_estimate":3055.3290845048045,"standard_error":11.226330926359829},"median":{"confidence_interval":{"confidence_level":0.95,"lower_bound":3012.002703962704,"upper_bound":3041.590528846154},"point_estimate":3026.476322018063,"standard_error":7.735573952968217},"median_abs_dev":{"confidence_interval":{"confidence_level":0.95,"lower_bound":51.175585758118366,"upper_bound":89.80287942785179},"point_estimate":67.90546231444513,"standard_error":10.170700185658216},"slope":{"confidence_interval":{"confidence_level":0.95,"lower_bound":3088.082913255286,"upper_bound":3153.66057416088},"point_estimate":3120.746759072876,"standard_error":16.750027323946394},"std_dev":{"confidence_interval":{"confidence_level":0.95,"lower_bound":86.61469056973462,"upper_bound":137.0662952972047},"point_estimate":112.76343660590763,"standard_error":12.906254438609503}}