{"mean":{"confidence_interval":{"confidence_level":0.95,"lower_bound":715.5649672559606,"upper_bound":743.8619927285305},"point_estimate":729.2570081405001,"standard_error":7.243865193889132},"median":{"confidence_interval":{"confidence_level":0.95,"lower_bound":692.1503207526547,"upper_bound":702.6519788655169},"point_estimate":695.6255332350311,"standard_error":2.765595740334263},"median_abs_dev":{"confidence_interval":{"confidence_level":0.95,"lower_bound":15.060237604833398,"upper_bound":33.35850303798815},"point_estimate":19.488396131728376,"standard_error":4.811355122451808},"slope":{"confidence_interval":{"confidence_level":0.95,"lower_bound":709.2131532011471,"upper_bound":735.049382584279},"point_estimate":720.7872782213177,"standard_error":6.609889780651248},"std_dev":{"confidence_interval":{"confidence_level":0.95,"lower_bound":58.14366069214072,"upper_bound":84.23992094133747},"point_estimate":72.7658245501485,"standard_error":6.678582921350433}}