{"mean":{"confidence_interval":{"confidence_level":0.95,"lower_bound":1554.2047444792174,"upper_bound":1600.2284177461916},"point_estimate":1576.3124632350018,"standard_error":11.760835892067613},"median":{"confidence_interval":{"confidence_level":0.95,"lower_bound":1522.6980043507047,"upper_bound":1552.5795807484599},"point_estimate":1537.6317796466192,"standard_error":7.438508844484244},"median_abs_dev":{"confidence_interval":{"confidence_level":0.95,"lower_bound":47.747065617599354,"upper_bound":88.32445850094254},"point_estimate":71.68787001149639,"standard_error":10.351270526003882},"slope":{"confidence_interval":{"confidence_level":0.95,"lower_bound":1543.964028014821,"upper_bound":1600.0765905668914},"point_estimate":1570.445411809153,"standard_error":14.327348593985713},"std_dev":{"confidence_interval":{"confidence_level":0.95,"lower_bound":92.6388882068394,"upper_bound":139.66084097314277},"point_estimate":118.19190892937652,"standard_error":11.98786066836684}}